序号,链接,节点数
0,https://Nr5naf.absslk.xyz/e98af01c1d1a5c4506aead30efa93f08,0
1,https://pai.yt/clash,0
2,https://raw.githubusercontent.com/Huibq/TrojanLinks/master/links/vmess,0
3,https://raw.githubusercontent.com/Surfboardv2ray/TGParse/main/python/hy2,58
4,https://raw.githubusercontent.com/Surfboardv2ray/TGParse/main/python/hysteria2,106
5,https://raw.githubusercontent.com/ripaojiedian/freenode/main/clash,14
6,https://raw.githubusercontent.com/ripaojiedian/freenode/main/sub,14
7,https://raw.githubusercontent.com/shaoyouvip/free/refs/heads/main/all.yaml,46
8,https://raw.githubusercontent.com/zhangkaiitugithub/passcro/main/speednodes.yaml,141

总计,,317
